{"cameraMode":{"drawMode":0,"name":"Shaded","section":"Shading Mode"},"sceneLighting":false,"audioPlay":false,"sceneViewState":{"showFog":false,"showMaterialUpdate":false,"showSkybox":false,"showFlares":false,"showImageEffects":false,"showParticleSystems":false},"in2DMode":false,"pivot":{"x":-17.624141693115236,"y":-11.976226806640625,"z":0.165374755859375},"rotation":{"x":0.25454699993133547,"y":-0.41850271821022036,"z":0.12343920022249222,"w":0.8630489706993103},"size":31.54704475402832,"orthographic":false}